-- Rhendal's Book about Magic

INSERT INTO item (item_id, item_type, icon_left, icon_top, gold_value) values ('bo_rhendalmagic', 'document', 500, 500, -1);
INSERT INTO item_document_page(item_id, page_nr, title) values ('bo_rhendalmagic', 0, 'BookRhendalMagic');
INSERT INTO item_document_page(item_id, page_nr, title, content) values ('bo_rhendalmagic', 1, 'TitleRhendalMagic1', 'ContentRhendalMagic1');
INSERT INTO item_document_page(item_id, page_nr, title, content) values ('bo_rhendalmagic', 2, '', 'ContentRhendalMagic2');
INSERT INTO item_document_page(item_id, page_nr, title, content) values ('bo_rhendalmagic', 3, 'TitleRhendalMagic3', 'ContentRhendalMagic3');
INSERT INTO item_document_page(item_id, page_nr, title, content) values ('bo_rhendalmagic', 4, '', 'ContentRhendalMagic4');
INSERT INTO text (text_id, text_type, english, german, swiss_german) values ('BookRhendalMagic','document','Thoughts on
Magic
- Rhendal','Gedanken zu
Magie
- Rhendal','Gedanke zu 
Magie
- Rhendal');
INSERT INTO text (text_id, text_type, english, german, swiss_german) values ('TitleRhendalMagic1','document','I - Magic','I - Magie','I - Magie');
INSERT INTO text (text_id, text_type, english, german, swiss_german) values ('ContentRhendalMagic1','document','The omnipresence of magic is the first thing we need to understand when dealing with this topic. It is an energy that flows through this world, through the ground, the air and every living creature. There is no homogenous distribution though, it concentrates in magical artefacts or at special places. 

The magic itself has been there as long as we can remember and we''re not entirely sure where it originates from.','Das Erste, was man verstehen muss, wenn man sich mit diesem Thema beschäftigt, ist die Allumfänglichkeit der Magie. Es ist eine Energie, die durch diese Welt fliesst, durch die Erde, die Luft und durch jedes lebendige Wesen. Die Magie ist allerdings nicht gleichverteilt im Raum, sie konzentriert sich in magischen Artefakten oder an speziellen Orten.

Die Magie an sich gibt es schon, so weit wir uns zurückerinnern können und wir sind uns nicht sicher, wo sie ihren Ursprung genommen hat.','S''Erste womer mönd versto, wennmer üs mit dere Materie befassed, isch, dass Magie allumfänglich isch. Es isch e Energie wo dur die Welt flüsst, dur d''Erde, dur d''Luft und dur jedes lebendige Wäse. D''Magie isch allerdings nid gliichverteilt im Ruum, si konzentriert sich in magische Artefakt oder an spezielle Ort.

D''Magie selber gits scho, so wiit mer üs zrugg bsinne möged und mer sind üs nid sicher, wo si genau her chunt.');

INSERT INTO text (text_id, text_type, english, german, swiss_german) values ('ContentRhendalMagic2','document','There are explanations, of course, and the probably most famous one is the theory the clerics are spreading. They believe to know that their "Eternal Light" has gifted us with that power, and that the "Enlighted" are the chosen ones who can make use of that divine energy.

A problem with this theory is that not only the ones who believe in this "God of Light" are able to use magic. Magic comes in quite different forms, but the Clerics consider any other form as inferior. This narrow minded thinking is what discourages me to have a deeper conversation with them. I feel that magic is more than that.','Es gibt natürlich Erklärungen dazu, und die vermutlich bekannteste ist die Theorie, welche die Kleriker verbreiten. Sie glauben zu wissen, dass ihr "Ewiges Licht" uns diese Kraft vermacht hat und dass die "Erleuchteten" die Erwählten sind, die diese göttliche Kraft nutzen können.

Dieser Theorie widerspricht jedoch, dass nicht nur diejenigen, die an diesen "Lichtgott" glauben, Magie benutzen können. Es gibt nämlich verschiedene andere Formen von Magie, welche die Kleriker jedoch als minderwertig abtun. Dieses eingeschränkte Denken ist es, was mich davon abhält, mit ihnen eine tiefere Konversation zu haben. Ich spüre, Magie ist mehr als nur das.','Es git natürli scho Erchlärige dezue, und di bekanntischt devo isch d''Theorie, wod Kleriker verbreitet. Si glaubed nämlich, dass ihres "Ewige Liecht" üs die Chraft vermacht het und dass di "Erlüüchtete" di Erwählte sind, wo sich die göttlich Chraft zu Nutze mache chönd.

Wa dere Theorie aber widerspricht, isch, dass nid nur die wo a de "Liechtgott" glaubed, Magie bruuche chönd. Es git nämlich verschideni anderi Arte vo Magie, aber d''Kleriker halted die all für minderwertig. Das iigschränkti Denke isch aber genau was mich devo abhaltet, e tüüferi Konversation mit dene zha.');

INSERT INTO text (text_id, text_type, english, german, swiss_german) values ('TitleRhendalMagic3','document','II - Mages','II - Magier','II - Magier');
INSERT INTO text (text_id, text_type, english, german, swiss_german) values ('ContentRhendalMagic3','document','Mages are the ones that can make a direct use of this energy, by controlling and converting it. One does not need to be a mage though to feel it - if you''ve spent a lot of time trying to understand it, anyone can feel its presence. But not everyone will be able to control it, this is reserved for the ones who are born with this gift. Even people without this ability can still take advantage of it though, and one example is alchemy - studying the magical powers of plants and animals, and using their magic instead of controlling it directly.','Magier sind diejenigen, die die Magie direkt nutzen können, indem sie sie kontrollieren und umwandeln. Man muss aber nicht ein Magier sein, um sie zu spüren - wenn man genug Zeit damit verbracht hat, sie zu verstehen, kann jeder ihre Anwesenheit spüren. Allerdings wird nicht jeder sie kontrollieren können, das ist denjenigen vorenthalten, die mit dieser Gabe geboren sind. Auch Leute ohne diese Fähigkeit können sie aber immer noch über Umwege nutzen, und ein Beispiel dafür ist die Alchemie - das Studieren der magischen Eigenschaften von Pflanzen und Tieren.','Magier sind die, wo d''Magie direkt nutze chönd, indem si si kontrolliered und umwandlet. Me mun aber nid en Magier si, zum si gspüre - wenn me gnueg Ziit demit verbrocht het, si z''verstah, chan jede iri Aweseheit gspüre. Allerdings wird nid jede si au kontrolliere chöne, well das isch dene vorenthalte, wo mit dere Gab ufd Welt cho sind. Mir "Normalsterbliche" chönd d''Magie aber immerna über Umweg nutze, und es Biispil dadefür isch d''Alchemie - es Studiere vode magische Eigeschafte vo Pflanze und Tier.');
INSERT INTO text (text_id, text_type, english, german, swiss_german) values ('ContentRhendalMagic4','document','As interesting and beneficial it may be, there are a lot of people who are afraid of its presence, especially when they can neither feel nor understand it. This is entirely comprehensible, of course, and even I myself am sceptical about what it can be used for. Nevertheless, I''m still planning on dedicating the rest of my life to the studies of this utterly fascinating matter.','Man kann diese Eigenschaften so auch für sich nutzen, ohne die Magie direkt zu kontrollieren. 

Aber so interessant und nützlich die Magie auch sein mag, es gibt viele Menschen, welche sich vor ihr fürchten. Das ist natürlich völlig verständlich, auch ich selbst bin skeptisch, wenn ich sehe, für was sie verwendet werden kann. Trotzdem habe ich immer noch vor, mich für den Rest meines Lebens den Studien dieses äusserst interessanten Themas zu widmen.','Me chan die Eigeschafte au so für sich nutze, ohni d''Magie direkt z''kontrolliere.

Aber so interessant und nützlich d''Magie au sii mag, es git viel Lüüt, wo de Bammel hend devor. Da isch natürli völlig verständlich, au ich bin emel skeptisch, wenn ich gse, für was me si so bruuche chan. Trotzdem hani immerna vor, de Rest vo mim Läbe mitem Studium vo dem üsserst interessante Thema z''widme.');

-- Jonathans Book about Schools of Magic

INSERT INTO item (item_id, item_type, icon_left, icon_top, gold_value) values ('bo_schoolsofmagic', 'document', 500, 500, -1);
INSERT INTO item_document_page(item_id, page_nr, title) values ('bo_schoolsofmagic', 0, 'BookSchoolsOfMagic');
INSERT INTO item_document_page(item_id, page_nr, title, content) values ('bo_schoolsofmagic', 1, 'TitleSchoolsOfMagic1', 'ContentSchoolsOfMagic1');
INSERT INTO item_document_page(item_id, page_nr, title, content) values ('bo_schoolsofmagic', 2, 'TitleSchoolsOfMagic2', 'ContentSchoolsOfMagic2');
INSERT INTO item_document_page(item_id, page_nr, title, content) values ('bo_schoolsofmagic', 3, 'TitleSchoolsOfMagic3', 'ContentSchoolsOfMagic3');
INSERT INTO item_document_page(item_id, page_nr, title, content) values ('bo_schoolsofmagic', 4, 'TitleSchoolsOfMagic4', 'ContentSchoolsOfMagic4');
INSERT INTO text (text_id, text_type, english, german, swiss_german) values ('BookSchoolsOfMagic','document','The Schools of Magic','Die Schulen der Magie','D''Schuele vode Magie');
INSERT INTO text (text_id, text_type, english, german, swiss_german) values ('TitleSchoolsOfMagic1','document','Elemental Magic','Elementarmagie','Elementarmagie');
INSERT INTO text (text_id, text_type, english, german, swiss_german) values ('ContentSchoolsOfMagic1','document','Elemental magic is the art of controlling the elements of nature. It is the first type of magic that was discovered and therefore sometimes referred to as primal magic. 

Mages with an affinity to this type of magic are the only ones that are able to understand complex spells from the whole spectrum of magic, while the skills of mages with other affinities mostly concentrate on their domain.','Elementarmagie ist die Kunst, die Elemente der Natur zu kontrollieren. Es ist die erste Art von Magie, die entdeckt wurde und wird deshalb manchmal als Urmagie bezeichnet.

Magier mit einer Affinität zu diesem Magietyp sind die Einzigen, die schwierige Zauber aus dem ganzen Spektrum der Magie erlernen können, während sich die Fähigkeiten anderer Magier hauptsächlich auf ihren Bereich beschränken.','Elementarmagie isch d''Kunst, d''Element vode Natur z''kontrollere. Es isch di erst Art vo Magie wo entdeckt worde isch und wird drum mengsmal als Urmagie bezeichnet.

Magier mit enere Affinität zu dem Magietyp sind di Einzige, wo schwirigeri Zauber usem ganze Spektrum vode Magie chönd lerne, während sich d''Fähigkeite vo andere Magier hauptsächlich uf ire Bereich beschränked.');
INSERT INTO text (text_id, text_type, english, german, swiss_german) values ('TitleSchoolsOfMagic2','document','Divine Magic','Heilige Magie','Heiligi Magie');
INSERT INTO text (text_id, text_type, english, german, swiss_german) values ('ContentSchoolsOfMagic2','document','The spells of divine magic focus on healing and protecting using the power of the light. Most mages who practice divine magic also believe that this magic originates from their "god", the Eternal Light.','Die Zauber der heiligen Magie konzentrieren sich auf das Heilen und Schützen mit der Kraft des Lichts. Die meisten Magier, die heilige Magie praktizieren glauben, dass diese Magie ihren Ursprung in ihrem "Gott", dem Ewigen Licht, findet.','D''Zauber vode heilige Magie konzentriered sich ufs Heile und Schütze mit de Chraft vom Liecht. Di meiste Magier wo heiligi Magie praktiziered glaubed au, dass die Magie ursprünglich vo ihrem "Gott", em Ewige Liecht, chunt.');
INSERT INTO text (text_id, text_type, english, german, swiss_german) values ('TitleSchoolsOfMagic3','document','Necromancy','Nekromantie','Nekromantie');
INSERT INTO text (text_id, text_type, english, german, swiss_german) values ('ContentSchoolsOfMagic3','document','Necromancy is a branch of magic which deals with demons and death itself. The practicing of that magic is not accepted in general, although the research in this area has helped advancing the science of magic.','Nekromantie ist ein Zweig der Magie der sich mit Dämonen und dem Tod selbst befasst. Das Ausüben dieser Magie ist generell nicht akzeptiert, obwohl die Forschung in diesem Bereich die Wissenschaft der Magie weit vorangetrieben hat.','Nekromantie isch en Zwiig vode Magie wo sich mit Dämone und em Tod selber befasst. Es Usüebe vo dere Magie isch generell nid akzeptiert, obwohl d''Forschig i dem Bereich d''Wüsseschaft vode Magie wiit voratribe het.');
INSERT INTO text (text_id, text_type, english, german, swiss_german) values ('TitleSchoolsOfMagic4','document','Twilight Magic','Magie des Zwielichts','Dämmerigsmagie');
INSERT INTO text (text_id, text_type, english, german, swiss_german) values ('ContentSchoolsOfMagic4','document','The art of twilight or shadow magic has not been thoroughly investigated yet. But we know that it''s used to hide in and attack from the shadows.','Die Kunst der Zwielicht oder Schattenmagie wurde bis jetzt noch nicht gründlich erforscht. Aber wir wissen, dass sie genutzt wird, um sich in den Schatten zu verstecken und daraus anzugreifen.','D''Kunst vode Dämmerigs- oder Schattemagie isch bis ez nanig gründlich erforscht worde. Aber mer wüssed, dass si brucht wird, zum sich ide Schatte z''verstecke und drus aazgrife.');

-- Syrah's Book about Potions

INSERT INTO item (item_id, item_type, icon_left, icon_top, gold_value) values ('bo_potions', 'document', 500, 500, -1);
INSERT INTO item_document_page(item_id, page_nr, title) values ('bo_potions', 0, 'BookPotions');
INSERT INTO item_document_page(item_id, page_nr, title, content, content_alignment) values ('bo_potions', 1, 'TitleBookPotions1', 'ContentBookPotions1', 'center');
INSERT INTO item_document_page(item_id, page_nr, title, content, content_alignment) values ('bo_potions', 2, 'TitleBookPotions2', 'ContentBookPotions2', 'center');
INSERT INTO text (text_id, text_type, english, german, swiss_german) values ('BookPotions','document','Magic Potions','Magische Tränke','Magischi Tränk');
INSERT INTO text (text_id, text_type, english, german, swiss_german) values ('TitleBookPotions1','document','Healing Potions','Heiltränke','Heiltränk');
INSERT INTO text (text_id, text_type, english, german, swiss_german) values ('ContentBookPotions1','document',

'$fo_lesserhealingpotion$ 
---
1 $fo_healingherb$
1 $fo_water$


$fo_mediumhealingpotion$ 
---
2 $fo_healingherb$
1 $fo_water$


$fo_greaterhealingpotion$
---
3 $fo_healingherb$
1 $fo_water$','$fo_lesserhealingpotion$ 
---
1 $fo_healingherb$
1 $fo_water$


$fo_mediumhealingpotion$ 
---
2 $fo_healingherb$
1 $fo_water$


$fo_greaterhealingpotion$
---
3 $fo_healingherb$
1 $fo_water$','$fo_lesserhealingpotion$ 
---
1 $fo_healingherb$
1 $fo_water$


$fo_mediumhealingpotion$ 
---
2 $fo_healingherb$
1 $fo_water$


$fo_greaterhealingpotion$
---
3 $fo_healingherb$
1 $fo_water$');
INSERT INTO text (text_id, text_type, english, german, swiss_german) values ('TitleBookPotions2','document','Permanent Potions','Permanente Tränke','Permanenti Tränk');
INSERT INTO text (text_id, text_type, english, german, swiss_german) values ('ContentBookPotions2','document',
'$pe_elixirfire$
---
1 $fo_redhat$
1 $fo_stormweed$
1 $fo_wine$


$pe_elixirlight$
---
1 $fo_glowingshroom$
1 $fo_stormweed$
1 $fo_wine$


$pe_elixirshadow$
---
1 $fo_caveberry$
1 $fo_stormweed$
1 $fo_wine$


$pe_elixirice$
---
1 $fo_windrose$
1 $fo_stormweed$
1 $fo_wine$',
'$pe_elixirfire$
---
1 $fo_redhat$
1 $fo_stormweed$
1 $fo_wine$


$pe_elixirlight$
---
1 $fo_glowingshroom$
1 $fo_stormweed$
1 $fo_wine$


$pe_elixirshadow$
---
1 $fo_caveberry$
1 $fo_stormweed$
1 $fo_wine$


$pe_elixirice$
---
1 $fo_windrose$
1 $fo_stormweed$
1 $fo_wine$',
'$pe_elixirfire$
---
1 $fo_redhat$
1 $fo_stormweed$
1 $fo_wine$


$pe_elixirlight$
---
1 $fo_glowingshroom$
1 $fo_stormweed$
1 $fo_wine$


$pe_elixirshadow$
---
1 $fo_caveberry$
1 $fo_stormweed$
1 $fo_wine$


$pe_elixirice$
---
1 $fo_windrose$
1 $fo_stormweed$
1 $fo_wine$');